{
    "@class": "com.kony.gen.viz.model.component.KVizImage2",
    "DNDConfig": null,
    "__parentReadjusting__": false,
    "_base64_": null,
    "_height_": {
        "type": "string",
        "value": "225dp"
    },
    "_left_": {
        "type": "string",
        "value": "40dp"
    },
    "_margin_": [
        0,
        0,
        0,
        0
    ],
    "_padding_": [
        0,
        0,
        0,
        0
    ],
    "_skin_": "se23993c754c473c9f072c30b7b987a1",
    "_src_": "powredby.png",
    "_width_": {
        "type": "string",
        "value": "230dp"
    },
    "canUpdateUI": true,
    "centery": {
        "type": "string",
        "value": "50.00%"
    },
    "containerweight": 100,
    "context": {
        "channel": "mobile",
        "formID": "uwu7d10531488a43fbad94f7b68589ab39",
        "platform": "iphone",
        "templateType": "userwidgets",
        "topLevelBox": null
    },
    "id": "imgPoweredBy",
    "imagescalemode": 1,
    "info": null,
    "isvisible": true,
    "kuid": "i161998dd4e2427492db9180879cb8d8",
    "name": "kony.ui.Image2",
    "parent": "footer",
    "pf": "userwidgetmodel",
    "srcType": 1,
    "wType": "Image",
    "widgetalignment": 5,
    "zindex": 1
}