{
    "@class": "com.kony.gen.viz.model.component.KVizUserWidget",
    "DNDConfig": null,
    "__parentReadjusting__": false,
    "_children_": [],
    "_height_": "50dp",
    "_left_": "0dp",
    "_margin_": [
        0,
        0,
        0,
        0
    ],
    "_orientation_": 1,
    "_padding_": [
        0,
        0,
        0,
        0
    ],
    "_percent_": true,
    "_render_": true,
    "_skin_": "se84bd3a0a79423bbc9dda1a09b7f536",
    "_top_": "0dp",
    "_width_": "100%",
    "areflexpropsreferenced": true,
    "autogrowmode": 0,
    "canUpdateUI": true,
    "clipbounds": true,
    "containerweight": 0,
    "dataDiffs": {
        "header": {
            "__events__": {},
            "__info__": {
                "isRoot": true,
                "kuid": "db63f59000a24a0f853bb46d86c38ffd",
                "srcKUID": "ha5dea1e93a54ae5bd7db9fc25ba50c8",
                "wType": "FlexContainer"
            }
        },
        "imgBack": {
            "__events__": {},
            "__info__": {
                "kuid": "jd51e16203c84cd290d3b079c14a591d",
                "srcKUID": "f6e30667289c45619457d67f589501c5",
                "wType": "Image"
            }
        },
        "imgKonyLogo": {
            "__events__": {},
            "__info__": {
                "kuid": "a85484c060cf4d339086af32885ef015",
                "srcKUID": "h528d039210e43ab9568385005c9d0bd",
                "wType": "Image"
            }
        }
    },
    "id": "header",
    "info": null,
    "isdatareferenced": true,
    "isvisible": true,
    "kuid": "db63f59000a24a0f853bb46d86c38ffd",
    "layouttype": 2,
    "masterType": 0,
    "name": "kony.ui.UserWidgetInstance",
    "parent": "frmHome",
    "pf": "frmHome",
    "snaptogrid": true,
    "sourceUserWidget": "ha5dea1e93a54ae5bd7db9fc25ba50c8",
    "wType": "UserWidgetInstance"
}