{
    "@class": "com.kony.gen.viz.model.component.KVizImage2",
    "DNDConfig": null,
    "__parentReadjusting__": false,
    "_base64_": null,
    "_height_": {
        "type": "string",
        "value": "147dp"
    },
    "_left_": {
        "type": "string",
        "value": "0dp"
    },
    "_margin_": [
        0,
        0,
        0,
        0
    ],
    "_padding_": [
        0,
        0,
        0,
        0
    ],
    "_skin_": "se23993c754c473c9f072c30b7b987a1",
    "_src_": "hotel.png",
    "_top_": {
        "type": "string",
        "value": "225dp"
    },
    "_width_": {
        "type": "string",
        "value": "133dp"
    },
    "canUpdateUI": true,
    "containerweight": 100,
    "context": {
        "channel": "mobile",
        "formID": "frmHome",
        "platform": "android",
        "templateType": "forms",
        "topLevelBox": null
    },
    "id": "imgSavour",
    "imagescalemode": 1,
    "info": null,
    "isvisible": true,
    "kuid": "c33111a85f744b689642f0d073439ba2",
    "name": "kony.ui.Image2",
    "parent": "frmHome",
    "pf": "frmHome",
    "srcType": 1,
    "wType": "Image",
    "widgetalignment": 5,
    "zindex": 1
}