{
    "@class": "com.kony.gen.viz.model.component.KVizSlider",
    "DNDConfig": null,
    "__parentReadjusting__": false,
    "_height_": {
        "type": "string",
        "value": "45dp"
    },
    "_left_": {
        "type": "string",
        "value": "23dp"
    },
    "_margin_": [
        0,
        0,
        0,
        0
    ],
    "_max_": 100,
    "_min_": 0,
    "_padding_": [
        0,
        0,
        0,
        0
    ],
    "_step_": 1,
    "_thickness_": 3,
    "_top_": {
        "type": "string",
        "value": "481dp"
    },
    "_width_": {
        "type": "string",
        "value": "95%"
    },
    "android": {},
    "canUpdateUI": true,
    "centerx": {
        "type": "string",
        "value": "50%"
    },
    "containerweight": 100,
    "desktopweb": {
        "psp": {
            "orientation": "horizontal",
            "viewType": "default"
        }
    },
    "focusthumbimage": "sliderthumb2.png",
    "id": "sliderRange",
    "ide_onSelection": "AS_Slider_b59a2bcda803460aa942e137ac5526a9",
    "ide_onSlide": "AS_Slider_c06dfe04ca744c40a4883e6245ed175e",
    "imgwt": 96,
    "info": null,
    "ipad": {
        "psp": {
            "enableThumbTintColor": true,
            "thumbTintColor": "ffffff00"
        },
        "thumbImage": "slider_ios7.png"
    },
    "iphone": {
        "psp": {
            "enableThumbTintColor": true,
            "thumbTintColor": "ffffff00"
        }
    },
    "isvisible": true,
    "kuid": "i7f5411526594f0c9efbad7fee1fb6dd",
    "leftskin": "sc3c1451871541c5b5864d0e0cd2bbd2",
    "name": "kony.ui.Slider",
    "noofsteps": 100,
    "osPlatform": "android",
    "osVersion": "iOS7",
    "parent": "frmHome",
    "pf": "frmHome",
    "rightskin": "s5cd635e42454f24984c26422e7a092a",
    "selectedvalue": 40,
    "stepwidth": 10.26,
    "tabrcandroid": {
        "thumbImage": "slider_android.png"
    },
    "thumbimage": "sliderthumb3.png",
    "wType": "Slider",
    "widgetalignment": 5,
    "zindex": 1
}