{
    "@class": "com.kony.gen.viz.model.component.KVizUserWidget",
    "DNDConfig": null,
    "__parentReadjusting__": false,
    "_children_": [],
    "_height_": "50dp",
    "_left_": "0dp",
    "_margin_": [
        0,
        0,
        0,
        0
    ],
    "_orientation_": 1,
    "_padding_": [
        0,
        0,
        0,
        0
    ],
    "_percent_": true,
    "_render_": true,
    "_skin_": "se84bd3a0a79423bbc9dda1a09b7f536",
    "_top_": "0dp",
    "_width_": "100%",
    "areflexpropsreferenced": true,
    "autogrowmode": 0,
    "canUpdateUI": true,
    "clipbounds": true,
    "containerweight": 0,
    "dataDiffs": {
        "header": {
            "__events__": {},
            "__info__": {
                "isRoot": true,
                "kuid": "i146f4f6e5eb4edeae2a9da2941c8e7f",
                "srcKUID": "ha5dea1e93a54ae5bd7db9fc25ba50c8",
                "wType": "FlexContainer"
            }
        },
        "imgBack": {
            "__events__": {},
            "__info__": {
                "kuid": "f98b824a6edb4d62968848fe57a5cfbc",
                "srcKUID": "f6e30667289c45619457d67f589501c5",
                "wType": "Image"
            }
        },
        "imgKonyLogo": {
            "__events__": {},
            "__info__": {
                "kuid": "e436dc36dc764e72ba4352fa046a582e",
                "srcKUID": "h528d039210e43ab9568385005c9d0bd",
                "wType": "Image"
            }
        }
    },
    "id": "header",
    "info": null,
    "isdatareferenced": true,
    "isvisible": true,
    "kuid": "i146f4f6e5eb4edeae2a9da2941c8e7f",
    "layouttype": 2,
    "masterType": 0,
    "name": "kony.ui.UserWidgetInstance",
    "parent": "frmHotelDetails",
    "pf": "frmHotelDetails",
    "snaptogrid": true,
    "sourceUserWidget": "ha5dea1e93a54ae5bd7db9fc25ba50c8",
    "wType": "UserWidgetInstance"
}