{
    "@class": "com.kony.gen.viz.model.component.KVizImage2",
    "DNDConfig": null,
    "__parentReadjusting__": false,
    "_base64_": null,
    "_height_": {
        "type": "string",
        "value": "45dp"
    },
    "_margin_": [
        0,
        0,
        0,
        0
    ],
    "_padding_": [
        0,
        0,
        0,
        0
    ],
    "_skin_": "se23993c754c473c9f072c30b7b987a1",
    "_src_": "konylogo.png",
    "_width_": {
        "type": "string",
        "value": "140dp"
    },
    "canUpdateUI": true,
    "centerx": {
        "type": "string",
        "value": "50%"
    },
    "centery": {
        "type": "string",
        "value": "50%"
    },
    "containerweight": 100,
    "context": {
        "channel": "mobile",
        "formID": "uwubffe087481a4dad81ddd01e0f122b58",
        "platform": "iphone",
        "templateType": "userwidgets",
        "topLevelBox": null
    },
    "id": "imgKonyLogo",
    "imagescalemode": 1,
    "info": null,
    "isvisible": true,
    "kuid": "h528d039210e43ab9568385005c9d0bd",
    "name": "kony.ui.Image2",
    "parent": "header",
    "pf": "userwidgetmodel",
    "srcType": 1,
    "wType": "Image",
    "widgetalignment": 5,
    "zindex": 1
}