{
    "@class": "com.kony.gen.viz.model.container.KVizForm",
    "DNDConfig": null,
    "_margin_": [
        0,
        0,
        0,
        0
    ],
    "_orientation_": 1,
    "_padding_": [
        0,
        0,
        0,
        0
    ],
    "_percent_": true,
    "_skin_": "sfdff2e9f2ef435cb0311540559dc48c",
    "_title_": null,
    "addWidgetsdone": false,
    "allboxes": [],
    "canUpdateUI": true,
    "children": [
        "header"
    ],
    "containerweight": 100,
    "currentLocale": "default",
    "device": "iPhone6",
    "displayorientation": 3,
    "enabledforidletimeout": false,
    "id": "userwidgetmodel",
    "info": null,
    "initdone": false,
    "inputaccessoryviewtype": 4,
    "intransitionconfig": {
        "formTransition": "None"
    },
    "isvisible": true,
    "kuid": "ubffe087481a4dad81ddd01e0f122b58",
    "layouttype": 2,
    "masterType": 0,
    "name": "kony.ui.Form2",
    "needappmenu": true,
    "outtransitionconfig": {
        "formTransition": "None"
    },
    "paddinginpixel": false,
    "platform": "iphone",
    "prevDevice": "iPhone6",
    "prevPlatform": "iphone",
    "retainscrollposition": false,
    "shellCSS": "iOS_iPhone6",
    "titleBarSkin": "s27c3d1320df449db8e76fca0798f145",
    "titlebar": true,
    "type": 3,
    "wType": "Form"
}