<?xml version="1.0" encoding="UTF-8" standalone="yes"?>
<service serviceGroup="" cachable="false" cacheduration="" endpoint="" groupType="" id="getPlaces" passwordencrypted="" security="public" type="CompositeConnector" smscode="" smsenabled="false">
    <service-config>
        <config-param api-version="" appid="" name="exec_type" value="Sequential"/>
        <config-param api-version="" appid="" name="postprocessorname" value=""/>
        <config-param api-version="" appid="" name="postprocessorJS" value=""/>
        <config-param api-version="1.0" appid="GooglePlaces" name="service" value="placeSearch"/>
        <config-param api-version="1.0" appid="GooglePlaces" name="service" value="placeDistanceMatrix"/>
    </service-config>
    <service-input passthrough="false"/>
    <service-output passthrough="false"/>
</service>
