{
    "DNDConfig": null,
    "_height_": {
        "type": "ref",
        "value": "preferred"
    },
    "_margin_": [
        0,
        0,
        0,
        0
    ],
    "_orientation_": 6,
    "_padding_": [
        0,
        0,
        0,
        0
    ],
    "_percent_": true,
    "_skin_": "s84ab8d843ac48989e4ee22104d00966",
    "allboxes": [],
    "autogrowmode": 1,
    "canUpdateUI": true,
    "children": [
        "lblHotelName",
        "lblHotelAddress",
        "lblRating"
    ],
    "clipbounds": true,
    "containerId": true,
    "containerweight": 100,
    "controllerInfo": {
        "default": {
            "channel": "mobile",
            "name": "flexTplSegRowController"
        }
    },
    "enablescrolling": true,
    "id": "flexTplSegRow",
    "info": null,
    "isTemplate": true,
    "isvisible": true,
    "kuid": "f3dba0fa13ed4bf6a6c4c3c3f4af50df",
    "layouttype": 4,
    "name": "kony.ui.FlexContainer",
    "parent": "tplSegRow",
    "pf": "tplSegRow",
    "snapgridsize": 10,
    "snaptogrid": true,
    "wType": "FlexContainer",
    "widgetalignment": 1
}