{
    "AS_Button_feb241d4c1ec4a92ac5db0f3fea9aa6a": {
        "id": "AS_Button_feb241d4c1ec4a92ac5db0f3fea9aa6a",
        "type": "ACTION_SEQUENCE",
        "params": [{
            "datatype": "collection",
            "name": "eventobject"
        }],
        "contextObj": {
            "name": "frmLanding",
            "type": "forms",
            "platform": null,
            "KUID": "e64b39d5d0964dc58a4d9b523ea6184f"
        },
        "language": "js",
        "actions": [{
            "id": "ADD_SNIPPET__faa87ca2a53e4b25a722cf8efa5d6f65",
            "type": "ADD_SNIPPET",
            "codeSnippet": "this.navigateToHomeScreen();",
            "parentId": null,
            "callbackType": null
        }]
    }
}