{
    "AS_Segment_i1d04ff682ec430cb7a10aff07e7a59f": {
        "id": "AS_Segment_i1d04ff682ec430cb7a10aff07e7a59f",
        "type": "ACTION_SEQUENCE",
        "params": [{
            "datatype": "collection",
            "name": "eventobject"
        }, {
            "datatype": "number",
            "name": "sectionNumber"
        }, {
            "datatype": "number",
            "name": "rowNumber"
        }],
        "contextObj": {
            "name": "frmHotelList",
            "type": "forms",
            "platform": "",
            "KUID": "iaa9599f13114b40b20e69e0c7108c02"
        },
        "language": "js",
        "actions": [{
            "id": "ADD_SNIPPET_ide_onRowClick_a8b3ad1d4b994fb5b84d427ea812f988",
            "type": "ADD_SNIPPET",
            "codeSnippet": "this.showHotelDetails();",
            "callbackType": null
        }]
    }
}