{
    "AS_Segment_d2381d1c734740d3b9fef4d66dc2fd89": {
        "id": "AS_Segment_d2381d1c734740d3b9fef4d66dc2fd89",
        "type": "ACTION_SEQUENCE",
        "params": [{
            "datatype": "collection",
            "name": "eventobject"
        }, {
            "datatype": "number",
            "name": "sectionNumber"
        }, {
            "datatype": "number",
            "name": "rowNumber"
        }],
        "contextObj": {
            "name": "frmHotelList",
            "type": "forms",
            "platform": "",
            "KUID": "iaa9599f13114b40b20e69e0c7108c02"
        },
        "language": "js",
        "actions": [{
            "id": "ADD_SNIPPET__fd3e6141a73a4b31a3c37a3654c033a4",
            "type": "ADD_SNIPPET",
            "codeSnippet": "this.showHotelDetails();",
            "parentId": null,
            "callbackType": null
        }]
    }
}