{
    "AS_Slider_c06dfe04ca744c40a4883e6245ed175e": {
        "id": "AS_Slider_c06dfe04ca744c40a4883e6245ed175e",
        "type": "ACTION_SEQUENCE",
        "params": [{
            "datatype": "collection",
            "name": "eventobject"
        }, {
            "datatype": "string",
            "name": "selectedvalue"
        }],
        "contextObj": {
            "name": "frmHome",
            "type": "forms",
            "platform": null,
            "KUID": "f50f19e781b84af9905c2b20cd1efc4c"
        },
        "language": "js",
        "actions": [{
            "id": "ADD_SNIPPET__d70206782d1b4465b222c63375ac364b",
            "type": "ADD_SNIPPET",
            "codeSnippet": "this.setSelectedRangeValue();",
            "parentId": null,
            "callbackType": null
        }]
    }
}