{
    "AS_Slider_b59a2bcda803460aa942e137ac5526a9": {
        "id": "AS_Slider_b59a2bcda803460aa942e137ac5526a9",
        "type": "ACTION_SEQUENCE",
        "params": [{
            "datatype": "collection",
            "name": "eventobject"
        }, {
            "datatype": "string",
            "name": "selectedvalue"
        }],
        "contextObj": {
            "name": "frmHome",
            "type": "forms",
            "platform": null,
            "KUID": "f50f19e781b84af9905c2b20cd1efc4c"
        },
        "language": "js",
        "actions": [{
            "id": "ADD_SNIPPET__ea24841c9b41427c8f51481bcad9eb28",
            "type": "ADD_SNIPPET",
            "codeSnippet": "this.searchForHotels();",
            "parentId": null,
            "callbackType": null
        }]
    }
}