{
    "AS_Image_a990b4153f0a4c2aa9c9e9354b7bb3a9": {
        "id": "AS_Image_a990b4153f0a4c2aa9c9e9354b7bb3a9",
        "type": "ACTION_SEQUENCE",
        "params": [{
            "datatype": "collection",
            "name": "eventobject"
        }, {
            "datatype": "string",
            "name": "x"
        }, {
            "datatype": "string",
            "name": "y"
        }],
        "contextObj": {
            "name": "uwubffe087481a4dad81ddd01e0f122b58",
            "type": "userwidgets",
            "KUID": "ubffe087481a4dad81ddd01e0f122b58"
        },
        "language": "js",
        "actions": [{
            "id": "ADD_SNIPPET__jeb14992d54542949d12e9dfeeb2ed1f",
            "type": "ADD_SNIPPET",
            "codeSnippet": "this.navigateToPreviousForm();",
            "parentId": null,
            "callbackType": null
        }]
    }
}