{
    "@class": "com.kony.gen.viz.model.component.KVizUserWidget",
    "DNDConfig": null,
    "__parentReadjusting__": false,
    "_bottom_": "1dp",
    "_children_": [],
    "_height_": "50dp",
    "_left_": "0dp",
    "_margin_": [
        0,
        0,
        0,
        0
    ],
    "_orientation_": 1,
    "_padding_": [
        0,
        0,
        0,
        0
    ],
    "_percent_": true,
    "_render_": true,
    "_skin_": "se84bd3a0a79423bbc9dda1a09b7f536",
    "_width_": "100%",
    "areflexpropsreferenced": true,
    "autogrowmode": 0,
    "canUpdateUI": true,
    "clipbounds": true,
    "containerweight": 0,
    "dataDiffs": {
        "footer": {
            "__events__": {},
            "__info__": {
                "isRoot": true,
                "kuid": "c5ba6af565ad44658cbb8547d005a147",
                "srcKUID": "c10b706b90054f1dbbfd714aa7b079fe",
                "wType": "FlexContainer"
            }
        },
        "imgKonyLogo": {
            "__events__": {},
            "__info__": {
                "kuid": "bea8986e440d4dafba7be40126077a03",
                "srcKUID": "gde30a50afe1478285f1d7fb81c898bb",
                "wType": "Image"
            }
        },
        "imgPoweredBy": {
            "__events__": {},
            "__info__": {
                "kuid": "edf8625d2daf4f1eac04a4afabb32406",
                "srcKUID": "i161998dd4e2427492db9180879cb8d8",
                "wType": "Image"
            }
        }
    },
    "id": "footer",
    "info": null,
    "isdatareferenced": true,
    "isvisible": true,
    "kuid": "c5ba6af565ad44658cbb8547d005a147",
    "layouttype": 2,
    "masterType": 0,
    "name": "kony.ui.UserWidgetInstance",
    "parent": "frmHotelList",
    "pf": "frmHotelList",
    "snaptogrid": true,
    "sourceUserWidget": "c10b706b90054f1dbbfd714aa7b079fe",
    "wType": "UserWidgetInstance"
}