{
    "@class": "com.kony.gen.viz.model.container.KVizSegment2",
    "DNDConfig": null,
    "__parentReadjusting__": false,
    "_data_": [
        {
            "lblHotelAddress": {
                "@class": "com.viz.ide.model.segment.SimpleTextSegmentData",
                "text": "Plot No. 2, Survey No. 64, Hitec City, Madhapur, Hyderabad, Telangana 500081"
            },
            "lblHotelName": {
                "@class": "com.viz.ide.model.segment.SimpleTextSegmentData",
                "text": "Lemon Tree Premium"
            },
            "lblRating": {
                "@class": "com.viz.ide.model.segment.SimpleTextSegmentData",
                "text": "Rating: 4.3"
            }
        },
        {
            "lblHotelAddress": {
                "@class": "com.viz.ide.model.segment.SimpleTextSegmentData",
                "text": "Plot No. 2, Survey No. 64, Hitec City, Madhapur, Hyderabad, Telangana 500081"
            },
            "lblHotelName": {
                "@class": "com.viz.ide.model.segment.SimpleTextSegmentData",
                "text": "Lemon Tree Premium"
            },
            "lblRating": {
                "@class": "com.viz.ide.model.segment.SimpleTextSegmentData",
                "text": "Rating: 4.3"
            }
        },
        {
            "lblHotelAddress": {
                "@class": "com.viz.ide.model.segment.SimpleTextSegmentData",
                "text": "Plot No. 2, Survey No. 64, Hitec City, Madhapur, Hyderabad, Telangana 500081"
            },
            "lblHotelName": {
                "@class": "com.viz.ide.model.segment.SimpleTextSegmentData",
                "text": "Lemon Tree Premium"
            },
            "lblRating": {
                "@class": "com.viz.ide.model.segment.SimpleTextSegmentData",
                "text": "Rating: 4.3"
            }
        }
    ],
    "_height_": {
        "type": "string",
        "value": "85%"
    },
    "_indicator_": "none",
    "_left_": {
        "type": "string",
        "value": "0dp"
    },
    "_margin_": [
        0,
        0,
        0,
        0
    ],
    "_orientation_": 2,
    "_padding_": [
        0,
        0,
        0,
        0
    ],
    "_top_": {
        "type": "string",
        "value": "50dp"
    },
    "_width_": {
        "type": "string",
        "value": "100%"
    },
    "autogrowmode": 0,
    "canUpdateUI": true,
    "containerweight": 100,
    "counter": "02",
    "focusedindex": null,
    "focuseditem": null,
    "groupcells": false,
    "hasSections": false,
    "id": "segHotelList",
    "ide_onRowClick": "AS_Segment_d2381d1c734740d3b9fef4d66dc2fd89",
    "info": null,
    "ipad": {
        "psp": {
            "indicator": "rowselect"
        }
    },
    "iphone": {
        "psp": {
            "indicator": "none"
        }
    },
    "isvisible": true,
    "kuid": "ib73dcff8ccc42d3ac1ffdd6ecb1cc92",
    "masterdata": {},
    "name": "kony.ui.SegmentedUI2",
    "needpageindicator": true,
    "pageoffdotimage": "pageoffdot.png",
    "pageondotimage": "pageondot.png",
    "paginationconfig": {
        "position": "bottom"
    },
    "parent": "frmHotelList",
    "pf": "frmHotelList",
    "retainselection": false,
    "rowTemplateId": "f6cfd771ec60407c9de80f4d626b995e",
    "rowcounter": 2,
    "rowfocusskin": "s7438a015e9e49e1ae7577d233a209ce",
    "rowskin": "sdae57a24b3845a4a6359ef12098cb5d",
    "rowtemplate": "flexTplSegRow",
    "screenlevelwidget": false,
    "seccounter": 0,
    "sectionheaderskin": "s2b9b0e854b5418684d3c6d054888e27",
    "selectedRows": null,
    "selectedState": false,
    "selectedindex": null,
    "selectedindices": null,
    "selecteditems": null,
    "selectedsectionindex": 0,
    "selectionbehavior": "default",
    "separatorcolor": "64646400",
    "separatorrequired": true,
    "separatorthickness": 1,
    "showscrollbars": false,
    "viewtype": "tableview",
    "wType": "Segment",
    "widgetalignment": 5,
    "widgetdatamap": {
        "flexTplSegRow": "flexTplSegRow",
        "lblHotelAddress": "lblHotelAddress",
        "lblHotelName": "lblHotelName",
        "lblRating": "lblRating"
    },
    "zindex": 1
}