{"GooglePlacesComposite":{"getPlaces":{"servicename":"GooglePlacesComposite","serviceid":"d1b1c641-b48e-4917-b5e9-a156655607bc","type":"orchestration","operationname":"getPlaces","operationid":"129"}},"GooglePlaces":{"placeDistanceMatrix":{"servicename":"GooglePlaces","serviceid":"adf40916-05c0-4340-9726-13e8be52f6f6","type":"integration","operationname":"placeDistanceMatrix","operationid":"123"},"placeSearch":{"servicename":"GooglePlaces","serviceid":"adf40916-05c0-4340-9726-13e8be52f6f6","type":"integration","operationname":"placeSearch","operationid":"124"},"placeSearchByText":{"servicename":"GooglePlaces","serviceid":"adf40916-05c0-4340-9726-13e8be52f6f6","type":"integration","operationname":"placeSearchByText","operationid":"125"},"placeDetails":{"servicename":"GooglePlaces","serviceid":"adf40916-05c0-4340-9726-13e8be52f6f6","type":"integration","operationname":"placeDetails","operationid":"126"}}}