{"mwaddrkey":"","wap_android360_fontsize":"12","isA11yConfigEnabled":false,"watchos_notificationcentericon_42":"","wap_android440_fontsize":"12","apppackagekey":"","nativeContainerProperties":{"isEnableJSContainerAndroid":false,"isModified":false,"isEnableJSContaineriOS":false,"isEnableJSContainer":false},"wap_android400_fontsize":"12","wap_spaandroidtabhdpi_fontsize":"12","cordovaVersionInfo":{"useGlobalCordova":false},"appversionkey":"1.0.0","watchos_longlooknotificationicon_38":"","project.type":"js","startupformkey":"frmHome","wap_bb480_fontsize":"12","wap_winphone480_fontsize":"12","wap_android640_fontsize":"12","vendornamekey":"KonyLabs","wap_android320_fontsize":"12","createdgaversion":"7.3.0","watchos_notificationcentericon_38":"","isMVC":true,"watchos_shortlooknotificationicon_42":"","enableactionbar":false,"wap_android480_fontsize":"12","mastersProperties":{"mastersVersion":"2.0.0"},"wap_winphone320_fontsize":"12","watchos_longlooknotificationicon_42":"","appmenu":{"tablet":{"data":[{"windows8":{"appBarButtonStyle":"No Style","position":"BOTTOM_LEFT"},"android":{"showAsFlag":0},"kuid":"e0ef8dd66c7c4eae98af28e984feaab4","icon":{"default":"option1.png"},"id":"appmenuitemid1","title":"Item 1"},{"windows8":{"appBarButtonStyle":"No Style","position":"BOTTOM_LEFT"},"android":{"showAsFlag":0},"kuid":"d6220a44260843c1bdf81954c0f01334","icon":{"default":"option2.png"},"id":"appmenuitemid2","title":"Item 2"},{"windows8":{"appBarButtonStyle":"No Style","position":"BOTTOM_LEFT"},"android":{"showAsFlag":0},"kuid":"i59323ca5d764f0dbccb05c60721f2df","icon":{"default":"option3.png"},"id":"appmenuitemid3","title":"Item 3"},{"windows8":{"appBarButtonStyle":"No Style","position":"BOTTOM_LEFT"},"android":{"showAsFlag":0},"kuid":"f70a3a751a494f219528e975074def6e","icon":{"default":"option4.png"},"id":"appmenuitemid4","title":"Item 4"}]},"desktop":{"data":[{"kuid":"ae0aebe0357f46e2851166b9e63cd4e5","icon":{"default":"option1.png"},"id":"appmenuitemid1","title":"Item 1"},{"kuid":"a76fd7e2cedb403d95a4891108f0dd27","icon":{"default":"option2.png"},"id":"appmenuitemid2","title":"Item 2"},{"kuid":"e11efd6f1dcf4bf6aa000f0e8cea8461","icon":{"default":"option3.png"},"id":"appmenuitemid3","title":"Item 3"},{"kuid":"b88617673e6642afbf2975cba3865723","icon":{"default":"option4.png"},"id":"appmenuitemid4","title":"Item 4"}]},"focusskin":null,"osVersion":"iOS7","wType":"Appmenu","focusSkin":null,"mobile":{"data":[{"kuid":"j23e9abf17f04873938932c0c24a4ab4","android":{"showAsFlag":0},"icon":{"default":"option1.png"},"id":"appmenuitemid1","title":"Item 1"},{"kuid":"b358b83fa6e2454da32dec65f3e299dd","android":{"showAsFlag":0},"icon":{"default":"option2.png"},"id":"appmenuitemid2","title":"Item 2"},{"kuid":"j36e8f25faf84a76baaa11a3a3faecdc","android":{"showAsFlag":0},"icon":{"default":"option3.png"},"id":"appmenuitemid3","title":"Item 3"},{"kuid":"cdc5a85f98ef454fa8192db228a7bdd1","android":{"showAsFlag":0},"icon":{"default":"option4.png"},"id":"appmenuitemid4","title":"Item 4"}]},"skin":null,"osPlatform":""},"wap_spaipad_fontsize":"12","mwportkey":"","mwhttpsportkey":"","wap_bb440_fontsize":"12","wap_bb400_fontsize":"12","appidkey":"Savour","statusBarHidden":"false","wap_bb360_fontsize":"12","export.type":"studioviz","isNewAppWithRespectToAndroidPackageName":"","wap_spawindowstab_fontsize":"12","defaulttheme":"defaultTheme","watchos_shortlooknotificationicon_38":"","appaddrkey":"","appnamekey":"Savour","currentgaversion":"7.3.0","wap_bb320_fontsize":"12","enableCordova":false,"wap_bb240_fontsize":"12","enableIdForAutomation":false,"desktopwebbasefontsize":"12","mfappguid":{"8d703cf3-02f1-4590-b77e-11804b0fb71d":"41771fc9-dee1-4417-9bf5-53a446985ed3","dde09d15-b97d-4af6-b9ce-01133e3979f3":"ace34626-ac27-40c9-8572-c59bdfc36eab"},"wap_android240_fontsize":"12","wap_spaandroidtabldpi_fontsize":"12","wap_spaandroidtabmdpi_fontsize":"12","konyVizVersion":"7.3.0","isDpScaleFactor":true,"wap_spaandroidtab_fontsize":"12","referenceWidth":"375","winmobileguidkey":"","APPLICATION_THEME":"default","build":"debug","project_version":"sprint27","wap_ip_fontsize":"12","category":"app","createdVizVersion":"7.3.0"}